{
    "Adam Car Payment": {},
    "Aevi": {},
    "Arya": {
        "Dec": 818.1899999999999
    },
    "BTC": {},
    "Booze": {
        "Aug": 88.1,
        "Dec": 73.8,
        "Jul": 267.2,
        "Sep": 401.7
    },
    "Car Fuel": {},
    "Car Maint": {
        "Sep": 1056.23
    },
    "Dine Out": {
        "Aug": 424.69000000000005,
        "Dec": 103.84,
        "Jul": 540.1800000000001,
        "Jun": 69.77000000000001,
        "Oct": 500.7299999999999,
        "Sep": 984.75
    },
    "Electricity & Water": {},
    "Entertainment": {
        "Aug": 393.35,
        "Dec": 42.94,
        "Jul": 395.16,
        "Jun": 8.2,
        "Oct": 104.66999999999999,
        "Sep": 340.93999999999994
    },
    "Gas": {
        "Aug": 226.4,
        "Jul": 205.37000000000003,
        "Jun": 182.54999999999998,
        "Oct": 190.03,
        "Sep": 145.63
    },
    "Gifts": {
        "Dec": 284.2,
        "Jun": 97.89,
        "Oct": 607.89
    },
    "Groceries": {
        "Aug": 273.97,
        "Dec": 6.74,
        "Jul": 568.58,
        "Jun": 106.81,
        "Oct": 446.02000000000004,
        "Sep": 858.67
    },
    "Health Savings": {
        "Aug": 534.57,
        "Jul": 120.0,
        "Oct": 120.0,
        "Sep": 126.77
    },
    "Honeymoon": {
        "Aug": 6521.709999999999,
        "Dec": 1710.9900000000002,
        "Jun": 52.16,
        "Nov": 4286.870000000001,
        "Oct": 3437.850000000001,
        "Sep": 1275.7
    },
    "Hot Water Heater": {
        "Aug": 110.46,
        "Nov": 110.46
    },
    "House": {
        "Aug": 186.44,
        "Jan": 50.0,
        "Jul": 1515.1900000000003,
        "Jun": 30.5,
        "Oct": 702.6999999999999,
        "Sep": 146.69
    },
    "Ignore": {
        "Aug": -5209.0599999999995,
        "Dec": -2582.8900000000003,
        "Jan": 3343.9500000000003,
        "Jul": -10762.320000000002,
        "Jun": -343.71000000000004,
        "Nov": -6200.78,
        "Oct": -8892.3,
        "Sep": -13306.380000000001
    },
    "Insurance (Car/House)": {},
    "Internet": {
        "Aug": 91.47,
        "Dec": 91.47,
        "Jul": 91.47,
        "Nov": 91.47,
        "Oct": 91.47,
        "Sep": 91.47
    },
    "Monthly Subscriptions": {},
    "Mortgage": {},
    "Personal Purchases": {
        "Aug": 1.94,
        "Dec": 0.17,
        "Jul": 298.19,
        "Nov": 104.65,
        "Oct": 142.36,
        "Sep": 1.15
    },
    "Phone": {},
    "Property Tax": {},
    "RRSP Adam": {},
    "RRSP Sarah": {},
    "Raj Savings": {},
    "Sarah Car Payment": {},
    "Savings": {
        "Jan": 0.5
    },
    "Stocks": {},
    "Trips": {
        "Aug": 1734.48,
        "Dec": 218.49000000000004,
        "Jul": 171.42000000000002,
        "Jun": 14.87,
        "Oct": 621.33,
        "Sep": 414.42
    },
    "Wedding": {
        "Aug": 821.3199999999998,
        "Jul": 909.3299999999999,
        "Oct": 175.89,
        "Sep": 2689.4199999999996
    }
}