{
    "Adam Car Payment": {
        "Apr": 364.07,
        "Aug": 364.07,
        "Feb": 364.07,
        "Jan": 364.07,
        "Jul": 364.07,
        "Jun": 364.07,
        "Mar": 364.07,
        "May": 364.07,
        "Sep": 364.0
    },
    "Adam Income": {
        "Apr": -7871.41,
        "Aug": -6634.52,
        "Dec": -9951.78,
        "Feb": -6608.68,
        "Jan": -5192.9,
        "Jul": -6350.92,
        "Jun": -9386.07,
        "Mar": -5801.98,
        "May": -8893.52,
        "Nov": -7152.68,
        "Oct": -19957.5,
        "Sep": -8276.75
    },
    "Aevi": {},
    "Arya": {
        "Dec": 818.1899999999999
    },
    "BTC": {},
    "Booze": {
        "Aug": 88.1,
        "Dec": 73.8,
        "Jul": 267.2,
        "Sep": 401.7
    },
    "Car Fuel": {},
    "Car Maint": {
        "Sep": 1056.23
    },
    "Dine Out": {
        "Aug": 424.69000000000005,
        "Dec": 103.84,
        "Feb": 53.62,
        "Jul": 540.1800000000001,
        "Jun": 185.72000000000003,
        "Oct": 500.7299999999999,
        "Sep": 984.75
    },
    "Electricity & Water": {},
    "Entertainment": {
        "Apr": 813.43,
        "Aug": 393.35,
        "Dec": 342.93,
        "Jul": 395.16,
        "Jun": 8.2,
        "May": 200.0,
        "Nov": 721.4200000000001,
        "Oct": 875.9399999999999,
        "Sep": 340.93999999999994
    },
    "Gas": {
        "Aug": 226.4,
        "Jul": 205.37000000000003,
        "Jun": 182.54999999999998,
        "Oct": 190.03,
        "Sep": 145.63
    },
    "Gifts": {
        "Dec": 284.2,
        "Jun": 97.89,
        "Oct": 607.89
    },
    "Groceries": {
        "Apr": 49.38,
        "Aug": 364.23,
        "Dec": 6.74,
        "Jan": 104.6,
        "Jul": 782.8800000000001,
        "Jun": 308.87,
        "Mar": 278.05,
        "May": 184.19,
        "Oct": 564.75,
        "Sep": 1017.4
    },
    "Health Savings": {
        "Aug": 534.57,
        "Jul": 120.0,
        "May": 5.65,
        "Oct": 120.0,
        "Sep": 126.77
    },
    "Honeymoon": {
        "Aug": 6521.709999999999,
        "Dec": 210.99000000000024,
        "Jun": 52.16,
        "Nov": 4286.870000000001,
        "Oct": 3437.850000000001,
        "Sep": 70.70000000000005
    },
    "Hot Water Heater": {
        "Aug": 110.46,
        "Nov": 110.46
    },
    "House": {
        "Apr": -100.0,
        "Aug": -4733.5599999999995,
        "Dec": 500.0,
        "Feb": 254.0,
        "Jan": -2496.0,
        "Jul": -3968.8099999999995,
        "Jun": -2499.3,
        "Mar": -270.46000000000004,
        "May": -3921.6,
        "Nov": -2752.91,
        "Oct": -1588.7100000000003,
        "Sep": -2403.31
    },
    "Ignore": {
        "Apr": 5858.9,
        "Aug": 643.180000000001,
        "Dec": 69.17999999999975,
        "Feb": 1306.5,
        "Jan": 9002.83,
        "Jul": 56.49999999999892,
        "Jun": 5820.469999999999,
        "Mar": 2277.9700000000003,
        "May": 4553.72,
        "Nov": 482.0499999999997,
        "Oct": 56.50000000000074,
        "Sep": 585.6199999999989
    },
    "Insurance (Car/House)": {
        "Apr": 360.05,
        "Aug": 347.08,
        "Dec": 349.9,
        "Feb": 360.05,
        "Jan": 360.05,
        "Jul": 347.08,
        "Jun": 347.05,
        "Mar": 360.05,
        "May": 363.13,
        "Nov": 350.06,
        "Oct": 347.08,
        "Sep": 347.08
    },
    "Internet": {
        "Aug": 91.47,
        "Dec": 91.47,
        "Jul": 91.47,
        "Nov": 91.47,
        "Oct": 91.47,
        "Sep": 91.47
    },
    "Monthly Subscriptions": {},
    "Mortgage": {
        "Sep": 227.41
    },
    "Personal Purchases": {
        "Aug": 1.94,
        "Dec": 0.17,
        "Jul": 298.19,
        "Nov": 104.65,
        "Oct": 142.36,
        "Sep": 1.15
    },
    "Phone": {},
    "Property Tax": {},
    "RRSP Adam": {},
    "RRSP Sarah": {},
    "Raj Savings": {},
    "Sarah Car Payment": {},
    "Sarah Income": {},
    "Savings": {
        "Apr": 3002.0,
        "Aug": 3001.0,
        "Dec": 3001.0,
        "Feb": 2750.5,
        "Jan": 1.0,
        "Jul": 3002.0,
        "Jun": 3001.0,
        "Mar": 3001.5,
        "May": 3002.0,
        "Nov": 3001.5,
        "Oct": 3093.24,
        "Sep": 1.5
    },
    "Stocks": {},
    "Trips": {
        "Aug": 1734.48,
        "Dec": 218.49000000000004,
        "Jul": 171.42000000000002,
        "Jun": 14.87,
        "Oct": 621.33,
        "Sep": 414.42
    },
    "Wedding": {
        "Aug": 821.3199999999998,
        "Jul": 1469.33,
        "Oct": 398.39,
        "Sep": 3939.4199999999996
    }
}